{
  "no_synonyms": {
    "keyword": 0.5697202380952381,
    "auto": 0.5953154761904762,
    "hybrid": 0.5433392857142857
  },
  "src1_class_names": {
    "keyword": 0.5640119047619048,
    "auto": 0.5756964285714286,
    "hybrid": 0.5422876984126984
  },
  "src2_javadoc": {
    "keyword": 0.5651369047619048,
    "auto": 0.5915654761904762,
    "hybrid": 0.5427837301587302
  },
  "src3_acronyms": {
    "keyword": 0.5697202380952381,
    "auto": 0.5953154761904762,
    "hybrid": 0.5433392857142857
  },
  "src4_wormhole": {
    "keyword": 0.5253511904761905,
    "auto": 0.5432460317460318,
    "hybrid": 0.5031329365079366
  },
  "src1+2": {
    "keyword": 0.5606785714285715,
    "auto": 0.5731964285714286,
    "hybrid": 0.5417321428571429
  },
  "src1+2+3": {
    "keyword": 0.4439642857142857,
    "auto": 0.44827380952380946,
    "hybrid": 0.4347063492063492
  },
  "all_sources": {
    "keyword": 0.5123154761904761,
    "auto": 0.5410297619047619,
    "hybrid": 0.5085753968253968
  }
}